{"inputs":{"time":100,"frequency":1},"optimized_parameters":{"a":0.16712524951414943,"b":1.1571252495141494,"c":0.6185009980565976},"statistics":{"R2":null,"SSE":0},"plot_image_link":"C:\\Users\\Mobi lap\\Documents\\CEPAC\\media\\TLD\\session_85124415-4ead-465a-a271-61ff265a6df5\\Fitting_Results.png"}