{"inputs":{"time":[20,40,60,80,100],"frequency":[0.17391304347826087,0.2608695652173913,0.30434782608695656,0.13043478260869566,0.13043478260869566]},"optimized_parameters":{"a":1.3149580221579025,"b":2.196993507457863,"c":-0.049479990375257357},"statistics":{"R2":0.7713555695053668,"SSE":0.005705305259979507},"plot_image_link":"D:\\MyWork\\CEPAC\\CEPAC\\media\\TLD\\session_a5c176ce-d73e-4dc4-ad1c-118187990408\\Fitting_Results.png"}