{"inputs":{"time":[1,2,3,4,5,6,7,8,9,10,11,12,13,14,15,16,17,18,19,20],"frequency":[0,0.08874458874458875,0.2748917748917749,0.24242424242424244,0.18831168831168833,0.07792207792207792,0.049783549783549787,0.023809523809523809,0.017316017316017317,0.008658008658008658,0.010822510822510822,0.010822510822510822,0.006493506493506494,0,0,0,0,0,0,0]},"optimized_parameters":{"a":1.72827658045252,"b":6.510383813782729,"c":-1.8234979767398552},"statistics":{"R2":0.9803922784339993,"SSE":0.00269489045518207},"plot_image_link":"D:\\MyWork\\CEPAC\\CEPAC\\media\\TLD\\session_3b7018a1-eeca-4325-a917-fa3ec9f0da3a\\Fitting_Results.png"}