{"inputs":{"time":[4,6,8,10,12],"frequency":[0.11904761904761904,0.5654761904761905,0.03571428571428571,0.023809523809523809,0.25595238095238095]},"optimized_parameters":{"a":-11.134377042227744,"b":22.943626356452424,"c":-4.081257712808625},"statistics":{"R2":0.5490950909724486,"SSE":0.09076250599374028},"plot_image_link":"D:\\MyWork\\CEPAC\\CEPAC\\media\\TLD\\session_8d0adf38-2f95-4fa3-a8ee-a791f94d8968\\Fitting_Results.png"}