{"inputs":{"time":[10,20,30,40,50,60,70],"frequency":[0.03984819734345351,0.07969639468690702,0.16129032258064517,0.19734345351043645,0.1176470588235294,0.174573055028463,0.22960151802656549]},"optimized_parameters":{"a":1.7526435170911526,"b":1.076493426171259,"c":-0.011803522599077835},"statistics":{"R2":0.7183204398570449,"SSE":0.007626388790966623},"plot_image_link":"D:\\MyWork\\CEPAC\\CEPAC\\media\\TLD\\session_1255d944-503e-4d67-81a7-50c06f3c8a0f\\Fitting_Results.png"}