{"inputs":{"time":[10,20,30],"frequency":[0.9726027397260274,0.017123287671232877,0.010273972602739724]},"optimized_parameters":{"a":6.129473963448424,"b":-12.266787685102285,"c":0.4463119086196684},"statistics":{"R2":0.9999999999936304,"SSE":3.904675343706603e-12},"plot_image_link":"D:\\MyWork\\CEPAC\\CEPAC\\media\\TLD\\session_4db53db4-7032-46eb-913b-3815138626be\\Fitting_Results.png"}